gpu,node,gpu_idx,t_ref,event_source,horizon_s,lookback_s,label,GPU_TEMP_last,GPU_TEMP_mean,GPU_TEMP_slope,POWER_USAGE_last,MEMORY_TEMP_last
g0#0,g0,0,2023-08-14T23:05:54.909622+08:00,XID_ERRORS,60.0,600.0,0,76.1113901979125,73.09257706223904,0.007813114007004275,257.9336689098791,67.48861748370858
g0#0,g0,0,2023-08-14T23:05:54.909622+08:00,XID_ERRORS,300.0,600.0,0,54.333450941742626,53.34013214142275,0.006564749350763358,211.34915608751336,73.16097648145606
g0#0,g0,0,2023-08-14T23:05:54.909622+08:00,XID_ERRORS,600.0,600.0,0,54.641584737817084,51.03253292212188,-0.004959107284421519,259.86908888380606,67.9314196362086
g1#0,g1,0,2023-08-14T23:35:41.981564+08:00,XID_ERRORS,60.0,600.0,0,69.46948952621227,66.96354716244902,-0.006179070447076008,304.6603408998497,59.43655223989365
g1#0,g1,0,2023-08-14T23:35:41.981564+08:00,XID_ERRORS,300.0,600.0,0,58.93444727846219,58.5007925363114,-0.010911461176191954,211.66959500840176,75.04329192614586
g1#0,g1,0,2023-08-14T23:35:41.981564+08:00,XID_ERRORS,600.0,600.0,0,76.59526623075669,76.2444450015306,-0.007354832923422751,257.49356114676,78.25162467895578
g0#0,g0,0,2023-08-14T23:55:54.909622+08:00,XID_ERRORS,600.0,600.0,1,76.43890955857783,74.39484547263353,-0.01184117966757189,230.14892283882895,66.50851802285423
g0#0,g0,0,2023-08-15T00:00:54.909622+08:00,XID_ERRORS,300.0,600.0,1,84.66416546829566,80.72377799362071,0.018016348698661252,289.4531129420311,72.85904328527165
g2#0,g2,0,2023-08-15T00:01:10.229380+08:00,XID_ERRORS,60.0,600.0,0,71.91770426628644,71.16414615522437,-0.010743648582284347,276.1912645786512,59.75684844228341
g2#0,g2,0,2023-08-15T00:01:10.229380+08:00,XID_ERRORS,300.0,600.0,0,64.8742375798225,63.98778986915374,0.0020211439504395985,270.82515810121026,63.933041992812726
g2#0,g2,0,2023-08-15T00:01:10.229380+08:00,XID_ERRORS,600.0,600.0,0,70.75262944462874,69.63923902851441,-0.014267738509897323,245.9486469988896,63.843882878586356
g0#0,g0,0,2023-08-15T00:04:54.909622+08:00,XID_ERRORS,60.0,600.0,1,67.76937112465329,66.96379157519245,0.007839754700613296,294.8029343566228,59.92747574316704
g3#0,g3,0,2023-08-15T00:12:32.690560+08:00,XID_ERRORS,60.0,600.0,0,66.14733663767132,64.6093287139158,0.013224574697668332,249.5825599442772,78.33471807370258
g3#0,g3,0,2023-08-15T00:12:32.690560+08:00,XID_ERRORS,300.0,600.0,0,67.39017082282678,65.83332969622239,0.003827571602707609,259.58242660757145,67.12869353169104
g3#0,g3,0,2023-08-15T00:12:32.690560+08:00,XID_ERRORS,600.0,600.0,0,64.66780284885608,64.9422117822713,-0.005106224678981267,249.6540081494024,58.11699852589164
decoy3#0,decoy3,0,2023-08-15T00:23:14.173448+08:00,XID_ERRORS,300.0,600.0,0,51.55057448850715,50.27735022818964,-0.014306716587383608,239.12120831165478,71.6248058663709
g1#0,g1,0,2023-08-15T00:25:41.981564+08:00,XID_ERRORS,600.0,600.0,1,77.64932649930245,74.70748827014077,-0.007546057912599311,300.67322357331017,67.70089833753067
g4#0,g4,0,2023-08-15T00:28:30.168702+08:00,XID_ERRORS,60.0,600.0,0,61.61932768845336,61.4143403082806,-0.0023615462985294203,304.49427822643435,69.60159224752286
g4#0,g4,0,2023-08-15T00:28:30.168702+08:00,XID_ERRORS,300.0,600.0,0,64.38138184969344,62.006399666456545,0.0037094683509441024,268.3956723357702,68.78245633273367
g4#0,g4,0,2023-08-15T00:28:30.168702+08:00,XID_ERRORS,600.0,600.0,0,55.65711887212396,53.73743416761909,-0.0020032970140956836,236.89395023208155,74.15873384782113
g1#0,g1,0,2023-08-15T00:30:41.981564+08:00,XID_ERRORS,300.0,600.0,1,67.70777582547825,65.30520084330722,0.0004905461382531165,310.0717775093577,71.50815354009973
g1#0,g1,0,2023-08-15T00:34:41.981564+08:00,XID_ERRORS,60.0,600.0,1,85.66778303041698,82.68724154979422,0.006333526228249152,183.8947035806005,70.4162317940791
decoy6#0,decoy6,0,2023-08-15T00:44:31.643149+08:00,XID_ERRORS,600.0,600.0,0,71.2726432819369,74.76514745173398,-0.000882707117695446,296.2667322677079,76.22445904934396
g2#0,g2,0,2023-08-15T00:51:10.229380+08:00,XID_ERRORS,600.0,600.0,1,84.36785617849533,82.27871549507368,0.008437326623032681,284.94591943333086,76.30070577364695
decoy6#0,decoy6,0,2023-08-15T00:55:50.643149+08:00,XID_ERRORS,60.0,600.0,0,57.611870856984105,56.18574876707003,-0.013336352855099138,257.57857668948435,65.28019240658125
g2#0,g2,0,2023-08-15T00:56:10.229380+08:00,XID_ERRORS,300.0,600.0,1,67.29545523952582,65.36392845921567,-0.022501411735745918,261.5910879269892,65.34687330872397
g2#0,g2,0,2023-08-15T01:00:10.229380+08:00,XID_ERRORS,60.0,600.0,1,74.28807661372275,74.16636984990775,-0.01341219714076669,207.95439355247717,74.02146279899893
g3#0,g3,0,2023-08-15T01:02:32.690560+08:00,XID_ERRORS,600.0,600.0,1,57.78691761299204,56.950289704853176,-0.008037318485206765,282.40490237613653,67.68986795203698
g3#0,g3,0,2023-08-15T01:07:32.690560+08:00,XID_ERRORS,300.0,600.0,1,84.21811861418018,81.49287015995564,-0.023653039062769745,286.8605115761026,72.71696006598914
g3#0,g3,0,2023-08-15T01:11:32.690560+08:00,XID_ERRORS,60.0,600.0,1,61.61806585187669,60.23038666550721,-0.0056854945414764255,219.1058668596561,61.655991359427475
decoy3#0,decoy3,0,2023-08-15T01:15:13.173448+08:00,XID_ERRORS,600.0,600.0,0,61.52902896824641,59.10282053493275,-0.001291761471296547,203.54253339186474,61.51954219175449
g4#0,g4,0,2023-08-15T01:18:30.168702+08:00,XID_ERRORS,600.0,600.0,1,61.20889641566433,58.66561489395955,-0.01934959636609707,242.80189986225892,68.36382009280271
g4#0,g4,0,2023-08-15T01:23:30.168702+08:00,XID_ERRORS,300.0,600.0,1,73.69295410390833,74.92356340842143,0.016473390663561,277.52463950332884,78.53547893604143
decoy9#0,decoy9,0,2023-08-15T01:26:31.708338+08:00,XID_ERRORS,600.0,600.0,0,59.685853275849155,60.02851741097066,0.01091860834840603,192.3779959857596,67.1648527753383
g4#0,g4,0,2023-08-15T01:27:30.168702+08:00,XID_ERRORS,60.0,600.0,1,75.40548091435684,74.56458929452847,-0.011857198050052338,178.05301403806686,74.10441707104243
decoy9#0,decoy9,0,2023-08-15T01:28:22.708338+08:00,XID_ERRORS,300.0,600.0,0,79.65184143892175,77.70664067515196,-0.013937633213023739,253.45139533789222,60.96731880928552
decoy3#0,decoy3,0,2023-08-15T01:46:57.173448+08:00,XID_ERRORS,60.0,600.0,0,74.56482317283307,74.7947010290869,0.01657942999516334,297.9432493940406,76.92490120715149
decoy6#0,decoy6,0,2023-08-15T02:16:01.643149+08:00,XID_ERRORS,300.0,600.0,0,59.34268837197533,56.66342785994205,0.0021873262987857625,291.1076851847944,62.485976096298295
decoy7#0,decoy7,0,2023-08-15T02:28:54.400974+08:00,XID_ERRORS,600.0,600.0,0,62.41342493239813,59.36679089646298,0.021299060617328665,258.07291417783796,63.68847177043333
decoy9#0,decoy9,0,2023-08-15T02:51:34.708338+08:00,XID_ERRORS,60.0,600.0,0,58.89963683382533,57.36702600959142,-0.0015788509607201347,238.54902544117735,72.16038191723203
decoy10#0,decoy10,0,2023-08-15T02:53:08.146201+08:00,XID_ERRORS,60.0,600.0,0,57.90293994138631,56.49410278212217,-0.006649972646855243,265.51379565712085,66.93162276772516
decoy7#0,decoy7,0,2023-08-15T02:58:28.400974+08:00,XID_ERRORS,60.0,600.0,0,51.19603699321278,49.36632562115579,0.007102909260938124,223.72725014811206,65.77572303772675
decoy7#0,decoy7,0,2023-08-15T03:18:56.400974+08:00,XID_ERRORS,300.0,600.0,0,48.83834013695384,47.539666723879066,0.008460161166141957,243.29950867805368,58.6202215627951
g5#0,g5,0,2023-08-15T03:28:27.112634+08:00,XID_ERRORS,60.0,600.0,0,53.53797442479082,50.907728247638275,-0.000506040631113424,241.50624802961397,83.14601291394158
g5#0,g5,0,2023-08-15T03:28:27.112634+08:00,XID_ERRORS,300.0,600.0,0,59.092657211087776,60.50038130641545,0.007293494040178566,274.18418075545065,66.18898602079071
g5#0,g5,0,2023-08-15T03:28:27.112634+08:00,XID_ERRORS,600.0,600.0,0,82.4829078943671,82.66369700760283,0.005802844167243075,244.13482516500693,74.52654277462474
decoy10#0,decoy10,0,2023-08-15T03:41:06.474122+08:00,XID_ERRORS,60.0,600.0,0,61.45833585524387,62.56841573159021,0.01439734414773591,296.90328752073606,65.48653997936961
decoy10#0,decoy10,0,2023-08-15T03:49:13.146201+08:00,XID_ERRORS,300.0,600.0,0,70.36126259056007,68.42975595915675,0.022212694518413262,247.5947680560604,62.19734934382549
g6#0,g6,0,2023-08-15T03:51:48.507051+08:00,XID_ERRORS,60.0,600.0,0,47.86671447813404,47.83961538998904,0.006780397271239971,234.99974700445756,80.88356961988205
g6#0,g6,0,2023-08-15T03:51:48.507051+08:00,XID_ERRORS,300.0,600.0,0,52.214855402675,49.408260965375376,0.01590700787126062,212.31585790816803,60.54653619450829
g6#0,g6,0,2023-08-15T03:51:48.507051+08:00,XID_ERRORS,600.0,600.0,0,61.23461976428428,58.95274341200417,-0.00488969063842045,302.8200189097937,71.59374386411086
decoy10#0,decoy10,0,2023-08-15T04:00:39.474122+08:00,XID_ERRORS,300.0,600.0,0,68.17542553652622,67.39863555452091,0.0024344070793427945,295.96392892310257,67.85087508968671
decoy10#0,decoy10,0,2023-08-15T04:03:22.146201+08:00,XID_ERRORS,600.0,600.0,0,59.22146334595307,57.65849188125263,-0.0071382501529720175,295.56902616136455,71.60254532443247
g5#0,g5,0,2023-08-15T04:18:27.112634+08:00,XID_ERRORS,600.0,600.0,1,74.3067195643304,75.2456887484694,-0.00471813154740902,291.33852858167563,71.08584587253708
g5#0,g5,0,2023-08-15T04:23:27.112634+08:00,XID_ERRORS,300.0,600.0,1,62.738806047408815,62.61729274717085,-0.004725876767584841,267.590118445939,64.69171841356763
g5#0,g5,0,2023-08-15T04:27:27.112634+08:00,XID_ERRORS,60.0,600.0,1,69.18736767553268,66.10389771327522,0.0035145507618731388,235.77001039496682,54.445880192115645
decoy10#0,decoy10,0,2023-08-15T04:29:01.474122+08:00,XID_ERRORS,600.0,600.0,0,61.69444117255628,60.83477207407138,0.01889317437550204,258.2565159196674,53.74446693034085
g6#0,g6,0,2023-08-15T04:41:48.507051+08:00,XID_ERRORS,600.0,600.0,1,58.85190514330466,59.29768648940292,-0.031063368012832916,215.7316313010424,80.37532319840419
g6#0,g6,0,2023-08-15T04:46:48.507051+08:00,XID_ERRORS,300.0,600.0,1,81.01918618275167,80.24769413648802,-0.004722159427760434,219.8559697891691,64.4002676614934
g6#0,g6,0,2023-08-15T04:50:48.507051+08:00,XID_ERRORS,60.0,600.0,1,72.94230912272995,72.7841062883437,-0.008676167643217027,341.9811021714669,69.38123952220627
g7#0,g7,0,2023-08-15T05:19:24.968430+08:00,XID_ERRORS,60.0,600.0,0,63.68931969153536,61.08983286178597,-0.009216339244978113,274.14150794438495,76.82198776459433
g7#0,g7,0,2023-08-15T05:19:24.968430+08:00,XID_ERRORS,300.0,600.0,0,60.37540445065029,60.974161483595346,-0.003461212751731734,249.82371919909286,76.1423130827575
g7#0,g7,0,2023-08-15T05:19:24.968430+08:00,XID_ERRORS,600.0,600.0,0,72.32994553355837,72.50208159607435,-0.013373972415282914,220.73251508201025,69.82647312389012
decoy4#0,decoy4,0,2023-08-15T05:39:04.496217+08:00,XID_ERRORS,60.0,600.0,0,71.59815983549515,67.67234534098532,0.0073093403317781224,252.9170203863787,63.582253386517074
decoy4#0,decoy4,0,2023-08-15T05:52:07.496217+08:00,XID_ERRORS,600.0,600.0,0,62.97651987102487,65.22210362140143,0.01991437390827985,215.21851317446507,76.40256177467165
decoy4#0,decoy4,0,2023-08-15T05:54:05.037383+08:00,XID_ERRORS,300.0,600.0,0,73.54551962730059,71.40474996909184,0.005852847040864307,211.65445828661956,61.07632666384316
decoy4#0,decoy4,0,2023-08-15T05:56:07.037383+08:00,XID_ERRORS,60.0,600.0,0,59.537309048700806,57.44212106144615,0.0023394533381447995,264.60500926112877,79.81195786087885
decoy4#0,decoy4,0,2023-08-15T05:56:23.496217+08:00,XID_ERRORS,300.0,600.0,0,67.48511223408624,63.601712116796456,-0.020168801677078404,279.318682654907,71.1823349924318
g7#0,g7,0,2023-08-15T06:09:24.968430+08:00,XID_ERRORS,600.0,600.0,1,68.11610683147441,67.39476776948179,-0.014164893664140421,225.17793319701534,92.0464604662076
g7#0,g7,0,2023-08-15T06:14:24.968430+08:00,XID_ERRORS,300.0,600.0,1,67.65850166451943,66.41363565593542,-0.008307519568543375,320.37424221522,64.36688350175866
g7#0,g7,0,2023-08-15T06:18:24.968430+08:00,XID_ERRORS,60.0,600.0,1,69.94398166285215,65.11534562479554,-0.0032447185628543917,213.3632995082159,71.61528001568088
decoy5#0,decoy5,0,2023-08-15T06:24:40.782561+08:00,XID_ERRORS,600.0,600.0,0,69.7709213468696,68.545238970802,-0.0058975375320131015,278.0264586717849,80.81395759950242
decoy5#0,decoy5,0,2023-08-15T06:33:54.782561+08:00,XID_ERRORS,300.0,600.0,0,62.31074879007126,63.394172946307386,-0.006985898307250517,266.5500091493497,67.7679757329614
decoy4#0,decoy4,0,2023-08-15T06:41:06.037383+08:00,XID_ERRORS,600.0,600.0,0,69.17762222757716,67.40034961617431,0.00840347189821222,233.3798995987014,74.51938745778962
decoy6#0,decoy6,0,2023-08-15T07:04:46.259023+08:00,XID_ERRORS,60.0,600.0,0,69.48234079880176,68.63515344749999,0.00030844713746850375,213.3082535371271,70.45369663094145
decoy6#0,decoy6,0,2023-08-15T07:08:17.259023+08:00,XID_ERRORS,600.0,600.0,0,75.7565064443933,76.30148008002062,-0.008566779839584404,208.12716666119033,79.81905534516737
decoy0#0,decoy0,0,2023-08-15T07:15:15.778059+08:00,XID_ERRORS,600.0,600.0,0,60.9688653980188,58.66432840865076,0.004886200244805596,257.0380032504504,75.37983113694591
decoy0#0,decoy0,0,2023-08-15T07:22:27.693333+08:00,XID_ERRORS,300.0,600.0,0,54.08980538946531,51.15037864243825,0.004747993187379788,243.14835729269367,68.86138170257024
decoy8#0,decoy8,0,2023-08-15T07:23:02.343351+08:00,XID_ERRORS,600.0,600.0,0,63.89674222267099,60.82833297074951,0.009626683754358186,250.05555193428287,68.67425017678396
decoy5#0,decoy5,0,2023-08-15T07:29:09.782561+08:00,XID_ERRORS,60.0,600.0,0,64.49904112129943,62.10505219640797,-0.006768644678810902,308.58723800489724,79.07263595111978
decoy0#0,decoy0,0,2023-08-15T07:31:43.778059+08:00,XID_ERRORS,300.0,600.0,0,68.21590410146052,66.3647394909308,0.0028164331493545657,272.50273359093217,77.56560844798935
decoy0#0,decoy0,0,2023-08-15T07:36:10.693333+08:00,XID_ERRORS,600.0,600.0,0,52.54884576391491,48.4877028540695,-0.008134195295344778,227.04150274158732,79.76614557751427
decoy0#0,decoy0,0,2023-08-15T07:48:27.693333+08:00,XID_ERRORS,60.0,600.0,0,66.56194563782044,65.5695829686372,-0.016884952118834912,237.05841904474605,77.65939173417667
decoy0#0,decoy0,0,2023-08-15T07:53:38.778059+08:00,XID_ERRORS,60.0,600.0,0,63.68283081089838,60.60664631974291,-0.001076800633335738,232.87187500664095,71.8630610955616
decoy3#0,decoy3,0,2023-08-15T07:57:59.386970+08:00,XID_ERRORS,600.0,600.0,0,59.57103521479573,59.47582941978207,0.009528406823236886,222.80382023169054,76.91621020329747
decoy8#0,decoy8,0,2023-08-15T08:11:35.343351+08:00,XID_ERRORS,300.0,600.0,0,57.65514346552101,55.67752125336236,-0.005841397575729183,203.57181756998673,69.30338499461982
decoy6#0,decoy6,0,2023-08-15T08:12:16.259023+08:00,XID_ERRORS,300.0,600.0,0,63.76283132202686,64.9882320498973,-0.007404403951036377,236.38443142335498,57.770363291720265
decoy3#0,decoy3,0,2023-08-15T08:26:55.386970+08:00,XID_ERRORS,300.0,600.0,0,63.17791360366521,60.55458467884968,0.01297785956840585,263.9055224741171,65.12487149135002
decoy11#0,decoy11,0,2023-08-15T08:27:22.188892+08:00,XID_ERRORS,300.0,600.0,0,58.0291992004459,57.33496114493141,0.004134349591736335,238.77920059368782,79.33602486370805
decoy8#0,decoy8,0,2023-08-15T08:34:41.343351+08:00,XID_ERRORS,60.0,600.0,0,44.85899606924328,42.094490100887796,-0.0033006487490335194,278.590203379429,65.19553451902927
decoy3#0,decoy3,0,2023-08-15T08:38:58.386970+08:00,XID_ERRORS,60.0,600.0,0,69.26987874203758,69.11221530754636,0.01798384420138548,216.78062363185657,66.29821124513589
decoy1#0,decoy1,0,2023-08-15T08:42:43.090099+08:00,XID_ERRORS,60.0,600.0,0,61.46506916156861,61.810091286929335,-0.0014545132766747096,294.1118056748428,71.70281909157129
g8#0,g8,0,2023-08-15T08:42:44.358104+08:00,XID_ERRORS,60.0,600.0,0,61.00345584345652,60.334447655180654,-0.005295304591256691,161.91863661948662,70.92529461674101
g8#0,g8,0,2023-08-15T08:42:44.358104+08:00,XID_ERRORS,300.0,600.0,0,52.52574832260702,50.56597020984845,0.007543689046395509,221.23198876617334,74.49918141834367
g8#0,g8,0,2023-08-15T08:42:44.358104+08:00,XID_ERRORS,600.0,600.0,0,69.09658588500946,67.25907594246675,-0.03772275156122734,257.8188924720082,69.79643746645965
decoy11#0,decoy11,0,2023-08-15T08:44:00.188892+08:00,XID_ERRORS,60.0,600.0,0,61.5271825087859,59.88092596927242,-0.03114509202550763,272.7153389754348,72.69939569700315
decoy11#0,decoy11,0,2023-08-15T09:05:04.188892+08:00,XID_ERRORS,600.0,600.0,0,67.30500489973755,67.48486200855864,-0.004711819190040655,256.82738870486935,75.82699225281861
decoy10#0,decoy10,0,2023-08-15T09:29:21.212170+08:00,XID_ERRORS,60.0,600.0,0,58.48690828690263,56.33029748963801,-0.0020118612407575127,237.148322100952,80.53577223633212
g8#0,g8,0,2023-08-15T09:32:44.358104+08:00,XID_ERRORS,600.0,600.0,1,70.66694055668198,69.21500229185163,-0.012609602800655342,274.98683348082506,79.62607163293198
g8#0,g8,0,2023-08-15T09:37:44.358104+08:00,XID_ERRORS,300.0,600.0,1,64.43564472243388,64.9396711709831,-0.006402624053903738,271.96905144133893,60.63575353273853
decoy6#0,decoy6,0,2023-08-15T09:40:23.112541+08:00,XID_ERRORS,300.0,600.0,0,71.24219682913453,70.0434026468549,0.002838866296523059,288.0211363964122,76.81657222631235
g8#0,g8,0,2023-08-15T09:41:44.358104+08:00,XID_ERRORS,60.0,600.0,1,73.27782230687352,73.3943632082698,-0.012865744667376442,292.6713551574534,73.61348361036077
g9#0,g9,0,2023-08-15T09:47:22.661014+08:00,XID_ERRORS,60.0,600.0,0,60.29340688232104,57.44877616591213,-0.011053671072691253,280.9046559347163,71.4144997098442
g9#0,g9,0,2023-08-15T09:47:22.661014+08:00,XID_ERRORS,300.0,600.0,0,59.54563059877455,60.19895804735589,0.0030171609350107056,278.72156820525794,69.08930920494495
g9#0,g9,0,2023-08-15T09:47:22.661014+08:00,XID_ERRORS,600.0,600.0,0,51.92181989571419,49.955534110929655,-0.0022993248160331483,260.75824202948155,67.27751898027033
decoy1#0,decoy1,0,2023-08-15T09:48:57.090099+08:00,XID_ERRORS,600.0,600.0,0,66.88869348088699,67.50526750303956,-0.019149163522882977,265.0146460969198,84.85955297062362
decoy6#0,decoy6,0,2023-08-15T09:56:55.112541+08:00,XID_ERRORS,600.0,600.0,0,56.570045714515466,57.256016976864245,-0.0006401811044731389,259.70839982400645,74.0253751380726
decoy1#0,decoy1,0,2023-08-15T10:05:06.090099+08:00,XID_ERRORS,300.0,600.0,0,61.22115869880209,59.41947909893278,0.0008532507218745246,242.28068225368818,74.83658330516154
decoy3#0,decoy3,0,2023-08-15T10:05:29.909163+08:00,XID_ERRORS,300.0,600.0,0,62.58184345591213,62.365032083140484,-0.006077288948101016,310.51263724561994,59.158052088983496
g10#0,g10,0,2023-08-15T10:10:07.347072+08:00,XID_ERRORS,60.0,600.0,0,65.88532855631708,62.69106512854021,0.0027812630180803076,242.56274634162742,58.599278854053885
g10#0,g10,0,2023-08-15T10:10:07.347072+08:00,XID_ERRORS,300.0,600.0,0,80.21423276194554,79.80674757519373,-0.008794597147043167,294.2446795626073,69.60195391762426
g10#0,g10,0,2023-08-15T10:10:07.347072+08:00,XID_ERRORS,600.0,600.0,0,79.98785176217383,77.5675593801804,-0.0037920106201315123,225.4402044543575,62.24790055393435
decoy3#0,decoy3,0,2023-08-15T10:13:02.909163+08:00,XID_ERRORS,60.0,600.0,0,66.31551962800475,65.63007721046333,-0.0014128697525919692,211.46789519434458,70.65970647070402
decoy3#0,decoy3,0,2023-08-15T10:19:13.909163+08:00,XID_ERRORS,600.0,600.0,0,70.75959813869486,69.59248043097483,0.01920896423456985,289.33796262652106,69.29345579230389
decoy6#0,decoy6,0,2023-08-15T10:24:03.112541+08:00,XID_ERRORS,60.0,600.0,0,53.06261748715613,52.10185266694059,0.015957024408984055,310.0759695231951,65.46366831607422
decoy10#0,decoy10,0,2023-08-15T10:33:00.212170+08:00,XID_ERRORS,300.0,600.0,0,51.96977646709776,51.11049799227729,0.0054875885884319705,250.72404113736079,60.69379831077565
g9#0,g9,0,2023-08-15T10:37:22.661014+08:00,XID_ERRORS,600.0,600.0,1,76.34682000711379,75.9108607329384,0.0006756920600942723,241.26151265818933,72.35233714379984
g9#0,g9,0,2023-08-15T10:42:22.661014+08:00,XID_ERRORS,300.0,600.0,1,66.56555483774058,66.00052768184455,-0.009199936028121969,270.25193555228316,72.78321409576377
g9#0,g9,0,2023-08-15T10:46:22.661014+08:00,XID_ERRORS,60.0,600.0,1,71.82363594522934,71.76950293018587,0.000553649749135539,262.36352215385,67.889694715675
decoy10#0,decoy10,0,2023-08-15T10:48:00.212170+08:00,XID_ERRORS,600.0,600.0,0,70.46009740295698,68.92422244310782,0.003176914257448595,259.22344088605365,71.08153353448832
g10#0,g10,0,2023-08-15T11:00:07.347072+08:00,XID_ERRORS,600.0,600.0,1,70.0607792049752,68.73260022157235,0.008448887803757162,279.8000861334895,58.99838079957807
g10#0,g10,0,2023-08-15T11:05:07.347072+08:00,XID_ERRORS,300.0,600.0,1,71.46978668455894,70.49960220112209,0.01690568645339397,268.6637566481735,57.76725700057243
g10#0,g10,0,2023-08-15T11:09:07.347072+08:00,XID_ERRORS,60.0,600.0,1,75.56288951499283,76.17173372118621,0.01189154412488462,198.89366237088106,61.68608948176651
decoy7#0,decoy7,0,2023-08-15T11:28:52.091913+08:00,XID_ERRORS,600.0,600.0,0,70.5614659101981,70.7225164250638,-0.011330678478078213,239.7992505355292,66.71193036988969
decoy7#0,decoy7,0,2023-08-15T11:45:26.091913+08:00,XID_ERRORS,300.0,600.0,0,49.27693042029688,45.81848619326127,-0.020249898135211702,248.76973380150184,61.33622236375301
decoy7#0,decoy7,0,2023-08-15T11:53:59.091913+08:00,XID_ERRORS,60.0,600.0,0,65.61089754051157,65.9433376527358,-0.007230384817750796,251.30993428215885,65.00628730226958
decoy2#0,decoy2,0,2023-08-15T12:34:14.008733+08:00,XID_ERRORS,600.0,600.0,0,54.592352391197146,54.870831943824186,-0.0005253554887614222,193.58383517896067,81.437529610644
decoy2#0,decoy2,0,2023-08-15T12:36:50.008733+08:00,XID_ERRORS,60.0,600.0,0,59.48506515476153,57.98085486031526,-0.00039760071494656865,243.96355292657188,69.45408033755216
g11#0,g11,0,2023-08-15T12:48:44.611032+08:00,XID_ERRORS,60.0,600.0,0,60.84342993261031,58.74205853833225,0.013673786263056709,217.1651106211106,65.17366492686202
g11#0,g11,0,2023-08-15T12:48:44.611032+08:00,XID_ERRORS,300.0,600.0,0,52.166897329831166,52.46665836574651,0.0012254409553604008,226.1173967471469,66.10225474860246
g11#0,g11,0,2023-08-15T12:48:44.611032+08:00,XID_ERRORS,600.0,600.0,0,60.15643248385431,59.46733117706033,-0.005810325725119153,265.93753646908567,70.71244830991375
decoy2#0,decoy2,0,2023-08-15T12:52:21.008733+08:00,XID_ERRORS,300.0,600.0,0,72.18592331798715,69.21476657232151,-0.001596042892909457,219.10097291095002,57.90966718285593
decoy3#0,decoy3,0,2023-08-15T12:57:20.241170+08:00,XID_ERRORS,300.0,600.0,0,52.21074229874645,49.20201840364512,0.008478164192204934,234.04014604826241,71.83430535149444
g12#0,g12,0,2023-08-15T13:00:04.216548+08:00,XID_ERRORS,60.0,600.0,0,68.66827301906194,69.8260569925476,0.021188030307293212,209.73866640140676,77.35845808451991
g12#0,g12,0,2023-08-15T13:00:04.216548+08:00,XID_ERRORS,300.0,600.0,0,72.80587276019835,72.28819393541275,-0.029671837099839435,227.19823629806697,71.46969858471158
g12#0,g12,0,2023-08-15T13:00:04.216548+08:00,XID_ERRORS,600.0,600.0,0,75.07332088004718,72.44874062988696,-0.0029919113426702375,313.2486523417826,67.20899631925869
decoy3#0,decoy3,0,2023-08-15T13:16:59.241170+08:00,XID_ERRORS,60.0,600.0,0,57.61615302471316,57.25539983872874,0.021253676940381272,251.44787588890603,67.25157665273342
g11#0,g11,0,2023-08-15T13:38:44.611032+08:00,XID_ERRORS,600.0,600.0,1,65.1999990471976,65.13064276408994,-0.010047872189929943,261.0239861723684,76.35912854386575
g11#0,g11,0,2023-08-15T13:43:44.611032+08:00,XID_ERRORS,300.0,600.0,1,80.54097472175901,78.46256387303643,0.0022669885643799227,284.8726356267537,61.294306167047225
g11#0,g11,0,2023-08-15T13:47:44.611032+08:00,XID_ERRORS,60.0,600.0,1,73.98702750060946,73.9590519418939,-0.007648739652865205,274.33763214824904,72.91653875061058
decoy3#0,decoy3,0,2023-08-15T13:48:45.241170+08:00,XID_ERRORS,600.0,600.0,0,58.62737819350605,57.03295634913689,-0.013429727184571581,258.02412108296096,82.01015870711902
g12#0,g12,0,2023-08-15T13:50:04.216548+08:00,XID_ERRORS,600.0,600.0,1,69.4762543610379,67.32152308405671,0.010153269959744686,245.5668457030057,58.082836844939905
decoy2#0,decoy2,0,2023-08-15T13:50:31.474805+08:00,XID_ERRORS,60.0,600.0,0,74.33057384744589,72.81461807537653,-0.014256500491067416,246.96472620867144,67.85345220652042
g12#0,g12,0,2023-08-15T13:55:04.216548+08:00,XID_ERRORS,300.0,600.0,1,64.03101856848622,61.30469402163859,-0.003847740266090023,254.75268721486634,70.42675004565388
g12#0,g12,0,2023-08-15T13:59:04.216548+08:00,XID_ERRORS,60.0,600.0,1,85.75325520270572,86.39646325766202,0.0036250249919104766,263.3197419894001,67.11647863207281
g13#0,g13,0,2023-08-15T14:13:00.263867+08:00,XID_ERRORS,60.0,600.0,0,56.827790283423546,54.39615686885168,0.00544462374203177,245.3782882125153,78.64426382974206
g13#0,g13,0,2023-08-15T14:13:00.263867+08:00,XID_ERRORS,300.0,600.0,0,72.47919210879395,70.32449896285853,0.01999503821044987,282.42178228150294,80.26805305936324
g13#0,g13,0,2023-08-15T14:13:00.263867+08:00,XID_ERRORS,600.0,600.0,0,67.40883812907654,65.14247225255424,-0.0010160889077002393,239.50602353824357,63.373474798267594
decoy2#0,decoy2,0,2023-08-15T14:46:34.474805+08:00,XID_ERRORS,300.0,600.0,0,66.94687327237558,64.46525429635196,0.0066204088230829485,313.6484967300861,75.28840684097774
decoy2#0,decoy2,0,2023-08-15T15:01:32.474805+08:00,XID_ERRORS,600.0,600.0,0,77.03983641728145,76.51162851469844,0.002818635109543874,255.4233377909081,51.65414913351809
g13#0,g13,0,2023-08-15T15:03:00.263867+08:00,XID_ERRORS,600.0,600.0,1,68.68108850258788,67.52130283699483,0.005629825823255228,249.4677328989012,72.41308186538589
g13#0,g13,0,2023-08-15T15:08:00.263867+08:00,XID_ERRORS,300.0,600.0,1,61.00160968905444,57.96525200865466,-0.000636840289702414,233.7269425040946,75.99339238432066
g13#0,g13,0,2023-08-15T15:12:00.263867+08:00,XID_ERRORS,60.0,600.0,1,63.90304223665299,63.136852387279504,0.010778337155057705,221.87639672372453,85.60980062194758
decoy8#0,decoy8,0,2023-08-15T15:17:31.217114+08:00,XID_ERRORS,300.0,600.0,0,61.42957916216871,62.65150680629872,-0.0022471171065876865,300.78117995745976,82.87389490730932
decoy8#0,decoy8,0,2023-08-15T16:04:27.217114+08:00,XID_ERRORS,60.0,600.0,0,72.4921848030393,72.32053911164135,-0.016597664935592872,216.27947998754308,78.3097696260475
decoy10#0,decoy10,0,2023-08-15T16:23:42.522513+08:00,XID_ERRORS,600.0,600.0,0,56.7332103958233,56.281099090987816,-5.660169488668078e-05,240.30038571828763,71.21835185260585
decoy10#0,decoy10,0,2023-08-15T16:36:47.522513+08:00,XID_ERRORS,300.0,600.0,0,63.64691725973469,60.029628628100156,0.01715315874495594,248.36103912511973,71.93554465231102
decoy8#0,decoy8,0,2023-08-15T16:48:05.217114+08:00,XID_ERRORS,600.0,600.0,0,66.46492160283998,64.54580299279401,-0.014791651534738038,234.01232543913127,66.75669297196895
decoy10#0,decoy10,0,2023-08-15T17:02:16.522513+08:00,XID_ERRORS,60.0,600.0,0,73.3209482334412,73.44006549710025,-0.008183019235473779,319.8445217376695,64.69339073365666
g14#0,g14,0,2023-08-15T17:54:45.920193+08:00,XID_ERRORS,60.0,600.0,0,48.494655137286536,49.06829198378648,0.01146626967509505,282.0423231949738,72.65630886281669
g14#0,g14,0,2023-08-15T17:54:45.920193+08:00,XID_ERRORS,300.0,600.0,0,57.13658891230242,56.42175222582578,0.015164277898120943,254.82229177395234,81.20710629010246
g14#0,g14,0,2023-08-15T17:54:45.920193+08:00,XID_ERRORS,600.0,600.0,0,78.11007255647499,77.84021437266424,0.0009415415619704649,228.8341613583675,60.58994348063775
decoy0#0,decoy0,0,2023-08-15T18:01:20.588498+08:00,XID_ERRORS,300.0,600.0,0,54.75494851981186,52.595697597411245,-0.01111234952164971,223.98154965651875,82.29454737215266
decoy11#0,decoy11,0,2023-08-15T18:06:34.808784+08:00,XID_ERRORS,60.0,600.0,0,60.26911672873912,60.528758765019106,-0.0002626026255642295,248.1960269413995,66.78254108364416
decoy0#0,decoy0,0,2023-08-15T18:08:16.588498+08:00,XID_ERRORS,60.0,600.0,0,57.050580582423606,55.50446721831638,-0.01870896396033325,270.4689298634839,66.39165569005857
decoy11#0,decoy11,0,2023-08-15T18:24:51.808784+08:00,XID_ERRORS,600.0,600.0,0,72.1713926333729,69.37858704989407,-0.0006106675539124377,252.3040301031273,66.56125010177793
g15#0,g15,0,2023-08-15T18:29:33.374144+08:00,XID_ERRORS,60.0,600.0,0,65.13502262593387,63.80866559259382,-0.006762320559749608,284.2970087988878,54.893208872186804
g15#0,g15,0,2023-08-15T18:29:33.374144+08:00,XID_ERRORS,300.0,600.0,0,67.62937011405575,69.16461002852114,-0.0072819502743524875,286.9691020751279,72.38668196052235
g15#0,g15,0,2023-08-15T18:29:33.374144+08:00,XID_ERRORS,600.0,600.0,0,65.14330919733456,64.95924578001555,-0.0013345155853725455,288.9361528354598,62.25744108246356
g16#0,g16,0,2023-08-15T18:34:13.798894+08:00,XID_ERRORS,60.0,600.0,0,57.91303129994857,58.02465205547566,-0.002374156967345463,272.1753426133465,65.90932928842325
g16#0,g16,0,2023-08-15T18:34:13.798894+08:00,XID_ERRORS,300.0,600.0,0,66.95429420550059,66.45100477965488,0.018139856138927497,274.3546476921996,68.3727093124423
g16#0,g16,0,2023-08-15T18:34:13.798894+08:00,XID_ERRORS,600.0,600.0,0,66.25176882072498,63.328046970200226,0.0028245182528524888,274.1805858151225,60.19293835821476
g14#0,g14,0,2023-08-15T18:44:45.920193+08:00,XID_ERRORS,600.0,600.0,1,69.85034472992443,69.22937760179614,-0.03899421730054339,263.8999101762106,74.37676529071467
decoy1#0,decoy1,0,2023-08-15T18:46:41.088504+08:00,XID_ERRORS,60.0,600.0,0,69.1028423012526,69.2977301254919,0.0012935683165923514,241.0591057984105,67.71541946512473
decoy11#0,decoy11,0,2023-08-15T18:46:57.808784+08:00,XID_ERRORS,300.0,600.0,0,50.34262165544382,49.15064491742184,0.00178204753456251,315.4938606205612,68.57069592509522
g14#0,g14,0,2023-08-15T18:49:45.920193+08:00,XID_ERRORS,300.0,600.0,1,66.58263879872032,65.7788427610691,-0.0029776047979893235,239.6507996171405,49.951441301474944
decoy0#0,decoy0,0,2023-08-15T18:53:15.588498+08:00,XID_ERRORS,600.0,600.0,0,58.75195978612995,58.77684152714973,0.00784800952326273,194.92264908042628,80.00316546390252
g14#0,g14,0,2023-08-15T18:53:45.920193+08:00,XID_ERRORS,60.0,600.0,1,65.86614139086183,63.10746454984234,-0.0008452148800245243,273.6083314327163,59.62108922925798
g15#0,g15,0,2023-08-15T19:19:33.374144+08:00,XID_ERRORS,600.0,600.0,1,72.9211284920802,71.25932760000697,0.007210489500058761,228.7460429020602,67.67679935941635
g16#0,g16,0,2023-08-15T19:24:13.798894+08:00,XID_ERRORS,600.0,600.0,1,60.38240679453837,58.82297948189549,-0.011437400921015901,198.52162144725037,67.76678795625789
g15#0,g15,0,2023-08-15T19:24:33.374144+08:00,XID_ERRORS,300.0,600.0,1,71.2916429753361,69.29404387689223,-0.013384325194768548,260.8376124593013,80.34314440155045
decoy1#0,decoy1,0,2023-08-15T19:28:09.088504+08:00,XID_ERRORS,600.0,600.0,0,52.96196299273653,52.93202689746695,0.009476143296978757,268.7656232014532,67.59717151264981
g15#0,g15,0,2023-08-15T19:28:33.374144+08:00,XID_ERRORS,60.0,600.0,1,67.29513626610434,66.81263405223302,0.013554380286698135,250.06634807720135,63.675641522656996
g16#0,g16,0,2023-08-15T19:29:13.798894+08:00,XID_ERRORS,300.0,600.0,1,87.61355049296094,86.17858948945315,-0.0010257528408332377,293.47779055394375,75.01024956048282
g16#0,g16,0,2023-08-15T19:33:13.798894+08:00,XID_ERRORS,60.0,600.0,1,88.41330167308112,84.59428510700815,-0.017134394379643106,245.76932004660932,72.74153255716543
decoy1#0,decoy1,0,2023-08-15T19:41:49.088504+08:00,XID_ERRORS,300.0,600.0,0,62.77136722999593,64.38231926524716,0.00876599693401419,278.85059761265165,66.45780901722414
decoy5#0,decoy5,0,2023-08-15T20:35:31.136436+08:00,XID_ERRORS,300.0,600.0,0,66.6835370440305,65.96710690527999,-0.0010530658465079472,279.22142075139766,76.14522382722541
g17#0,g17,0,2023-08-15T20:50:19.996539+08:00,XID_ERRORS,60.0,600.0,0,59.96640601778293,58.429473658463195,0.004148664012544231,212.50672826240046,71.40430902854114
g17#0,g17,0,2023-08-15T20:50:19.996539+08:00,XID_ERRORS,300.0,600.0,0,60.981466050449484,59.774165595727,0.0150790948434714,245.02200390981392,73.77925997566808
g17#0,g17,0,2023-08-15T20:50:19.996539+08:00,XID_ERRORS,600.0,600.0,0,63.53619199944246,60.92457514320869,-0.010035595719921405,226.61326740271767,80.14985258164306
decoy5#0,decoy5,0,2023-08-15T20:54:40.136436+08:00,XID_ERRORS,60.0,600.0,0,72.8345007798705,73.35220296308371,-0.018972252908543603,196.58080308208886,63.6033322575383
g18#0,g18,0,2023-08-15T21:09:13.910448+08:00,XID_ERRORS,60.0,600.0,0,54.006698786592764,53.23259578413337,0.003469527857023623,246.86658792800313,63.58169963705695
g18#0,g18,0,2023-08-15T21:09:13.910448+08:00,XID_ERRORS,300.0,600.0,0,59.560135226266524,58.5056761927119,-0.012521519434446158,269.56032590579775,69.85168949352398
g18#0,g18,0,2023-08-15T21:09:13.910448+08:00,XID_ERRORS,600.0,600.0,0,53.08096319414038,52.427802097378695,0.02277500524853034,258.3262108370037,76.10335066800481
g17#0,g17,0,2023-08-15T21:40:19.996539+08:00,XID_ERRORS,600.0,600.0,1,83.9886350151821,82.18830921827141,0.010685641574187917,235.70470423147134,76.16839461179183
g17#0,g17,0,2023-08-15T21:45:19.996539+08:00,XID_ERRORS,300.0,600.0,1,70.43709978438875,72.2932317073128,0.009584066801413983,239.14423959087097,63.18087953499311
g17#0,g17,0,2023-08-15T21:49:19.996539+08:00,XID_ERRORS,60.0,600.0,1,72.81974258025954,71.63342560130279,0.008622461846199109,253.48182020293052,76.43263166495899
g19#0,g19,0,2023-08-15T21:55:50.234677+08:00,XID_ERRORS,60.0,600.0,0,63.85666547156022,63.144655301728356,-0.00665876079742937,242.24850691887391,63.80641740886935
g19#0,g19,0,2023-08-15T21:55:50.234677+08:00,XID_ERRORS,300.0,600.0,0,64.77401394950967,62.43393851434347,0.009079779107107238,229.23222448395776,56.41648135631517
g19#0,g19,0,2023-08-15T21:55:50.234677+08:00,XID_ERRORS,600.0,600.0,0,64.25836307145309,61.39833589848949,0.0036151247402096366,265.66965102249037,77.25392331053396
g18#0,g18,0,2023-08-15T21:59:13.910448+08:00,XID_ERRORS,600.0,600.0,1,64.71141054728366,65.98974289190926,-0.015655893713726405,251.53101835390987,60.745359143467724
decoy5#0,decoy5,0,2023-08-15T22:01:00.136436+08:00,XID_ERRORS,600.0,600.0,0,67.03003380113343,66.95548447829374,0.007775727789499777,255.4362903226497,64.01731882231272
decoy5#0,decoy5,0,2023-08-15T22:03:02.915647+08:00,XID_ERRORS,60.0,600.0,0,59.58284318995979,60.48568261484526,-0.01533280477749828,229.58044856158193,82.63635057735256
g18#0,g18,0,2023-08-15T22:04:13.910448+08:00,XID_ERRORS,300.0,600.0,1,66.05288642597984,64.4147947872486,-0.01030480450166701,269.3872811714512,57.806813090837665
g18#0,g18,0,2023-08-15T22:08:13.910448+08:00,XID_ERRORS,60.0,600.0,1,71.43132821944505,70.96976918950175,0.000775724193502392,229.31507627941417,80.65553094824449
decoy8#0,decoy8,0,2023-08-15T22:09:43.181018+08:00,XID_ERRORS,600.0,600.0,0,58.66803054219518,57.33324704014812,0.0022316192930400556,239.67977350423502,53.8921372429775
decoy8#0,decoy8,0,2023-08-15T22:15:06.181018+08:00,XID_ERRORS,300.0,600.0,0,51.38835256216425,50.16736601567797,-0.008245678819804404,289.1450662463181,58.328697971954284
decoy5#0,decoy5,0,2023-08-15T22:17:03.364260+08:00,XID_ERRORS,300.0,600.0,0,65.00017208150368,63.52213384380574,0.013281845214457483,222.9393457120465,70.56115117522266
g20#0,g20,0,2023-08-15T22:17:55.760700+08:00,XID_ERRORS,60.0,600.0,0,66.51856775694051,66.42728702892802,-0.0057312921576656555,231.76778108673258,51.63660643573466
g20#0,g20,0,2023-08-15T22:17:55.760700+08:00,XID_ERRORS,300.0,600.0,0,59.66392673242018,56.61806265566749,0.005463057654642988,279.2958129205793,67.15767012810406
g20#0,g20,0,2023-08-15T22:17:55.760700+08:00,XID_ERRORS,600.0,600.0,0,70.13694834595162,65.54942154280768,-0.016861525369472857,227.43386871636264,78.9611694547414
g21#0,g21,0,2023-08-15T22:24:59.522204+08:00,XID_ERRORS,60.0,600.0,0,65.12296578298674,63.626291754403695,-0.012200063626559563,217.77587543922118,81.19395205516338
g21#0,g21,0,2023-08-15T22:24:59.522204+08:00,XID_ERRORS,300.0,600.0,0,56.0077813448368,53.05101897402715,0.0015127522184716323,275.509026209621,65.15468794462981
g21#0,g21,0,2023-08-15T22:24:59.522204+08:00,XID_ERRORS,600.0,600.0,0,49.07423309279952,49.68643709342717,0.016305228573863614,289.0205191096146,67.22462905617624
decoy8#0,decoy8,0,2023-08-15T22:31:31.181018+08:00,XID_ERRORS,60.0,600.0,0,63.28889959850619,61.95025145320257,0.0025663992441317452,242.1106760365978,57.654223161912576
decoy9#0,decoy9,0,2023-08-15T22:37:29.155855+08:00,XID_ERRORS,300.0,600.0,0,69.6452366962826,67.87214071076698,0.006798106013047429,259.4305452405828,63.17170558150858
g19#0,g19,0,2023-08-15T22:45:50.234677+08:00,XID_ERRORS,600.0,600.0,1,73.2470985548385,74.89040005069931,-0.003199296129548269,268.24351260368104,58.63944409519998
g19#0,g19,0,2023-08-15T22:50:50.234677+08:00,XID_ERRORS,300.0,600.0,1,53.62533588112176,54.41709854368014,0.004756529388744398,296.7123386701488,84.5086413705895
decoy5#0,decoy5,0,2023-08-15T22:52:26.364260+08:00,XID_ERRORS,600.0,600.0,0,67.82650011391341,65.27334551024592,-0.0006358214292485033,252.98046658568373,67.24042454297297
decoy5#0,decoy5,0,2023-08-15T22:53:26.915647+08:00,XID_ERRORS,300.0,600.0,0,55.69645300754841,55.61065927379506,-0.004835449713031524,257.9684024566511,64.7198683713958
decoy5#0,decoy5,0,2023-08-15T22:54:26.915647+08:00,XID_ERRORS,600.0,600.0,0,56.88048340263064,56.162508879445106,0.004686703245962222,271.5113130378655,74.40425613013758
g19#0,g19,0,2023-08-15T22:54:50.234677+08:00,XID_ERRORS,60.0,600.0,1,74.7017467701491,72.52727352098623,-0.013430886504649532,237.08464089422245,72.09080676488031
g20#0,g20,0,2023-08-15T23:07:55.760700+08:00,XID_ERRORS,600.0,600.0,1,78.98466570296742,79.01391858670262,-0.00676001725621899,267.887328346152,65.2130146298182
g22#0,g22,0,2023-08-15T23:08:32.924144+08:00,XID_ERRORS,60.0,600.0,0,67.81742862331146,70.59193819581678,-0.0031319010552987754,254.31010609853018,73.8499746164703
g22#0,g22,0,2023-08-15T23:08:32.924144+08:00,XID_ERRORS,300.0,600.0,0,61.02479424235034,58.146668334353116,-0.009466076852692523,239.51609586670264,53.74984789560728
g22#0,g22,0,2023-08-15T23:08:32.924144+08:00,XID_ERRORS,600.0,600.0,0,66.7401231276273,65.02920252714527,-0.002673084319532769,285.6498358778921,67.21142347988675
g20#0,g20,0,2023-08-15T23:12:55.760700+08:00,XID_ERRORS,300.0,600.0,1,73.84399582128478,74.73974885917798,-0.001072691206682774,293.4990634145448,65.83199741514167
g21#0,g21,0,2023-08-15T23:14:59.522204+08:00,XID_ERRORS,600.0,600.0,1,84.01380304287444,82.49588543489516,0.004812458192500858,266.46188013147344,63.62392608502296
decoy9#0,decoy9,0,2023-08-15T23:16:50.957022+08:00,XID_ERRORS,300.0,600.0,0,57.979418281865875,57.701036906271675,-0.00412874463465237,254.88321467083858,75.65330601858132
g20#0,g20,0,2023-08-15T23:16:55.760700+08:00,XID_ERRORS,60.0,600.0,1,86.86370457704945,85.63656995446466,0.012295008614331247,248.07492350987727,65.63064947653213
g21#0,g21,0,2023-08-15T23:19:59.522204+08:00,XID_ERRORS,300.0,600.0,1,75.34570969264765,74.1861901932187,-0.00044074722613553316,260.6962749611835,60.752506084756426
decoy9#0,decoy9,0,2023-08-15T23:20:15.155855+08:00,XID_ERRORS,600.0,600.0,0,73.78051625872646,74.81989957004637,0.009857577924237387,249.50874606278202,58.21876620570669
decoy9#0,decoy9,0,2023-08-15T23:23:23.155855+08:00,XID_ERRORS,60.0,600.0,0,62.53072068611734,60.7290458757591,0.008144686606150432,270.40239636101455,56.00072731656884
g21#0,g21,0,2023-08-15T23:23:59.522204+08:00,XID_ERRORS,60.0,600.0,1,71.83937464405422,69.09773986936536,-0.010100642731329075,259.9403253342391,68.79554945741724
decoy0#0,decoy0,0,2023-08-15T23:30:10.017708+08:00,XID_ERRORS,300.0,600.0,0,49.18077549546204,47.504226056708305,0.0025621281566075866,249.9887754426744,52.93912535735157
decoy5#0,decoy5,0,2023-08-15T23:36:29.364260+08:00,XID_ERRORS,60.0,600.0,0,63.68330963509606,62.47687385014423,-0.005458660678910507,255.5975157120896,72.46140015807796
decoy10#0,decoy10,0,2023-08-15T23:36:35.204217+08:00,XID_ERRORS,600.0,600.0,0,64.98721928794055,61.74729397585252,0.0050755886517202895,220.02660674380337,74.12663388599998
decoy3#0,decoy3,0,2023-08-15T23:37:29.917295+08:00,XID_ERRORS,300.0,600.0,0,59.890997419673546,56.7558736070296,0.024898121127481285,247.24820563235818,66.68612619458915
g23#0,g23,0,2023-08-15T23:40:46.241189+08:00,XID_ERRORS,60.0,600.0,0,58.51646391425578,58.08733878944705,0.0004609297177965803,212.74574641656494,67.7787706298617
g23#0,g23,0,2023-08-15T23:40:46.241189+08:00,XID_ERRORS,300.0,600.0,0,73.75483670986107,71.99124808275174,-0.019174640434564943,232.09517217856373,64.63649120077541
g23#0,g23,0,2023-08-15T23:40:46.241189+08:00,XID_ERRORS,600.0,600.0,0,68.21404612133142,65.15087815382509,-0.018148722777431434,302.1580633427487,80.15052219112984
decoy9#0,decoy9,0,2023-08-15T23:42:06.336854+08:00,XID_ERRORS,300.0,600.0,0,62.216173376557336,59.03958784047753,-0.0017454597925193592,282.19375252165094,52.03094756835446
decoy0#0,decoy0,0,2023-08-15T23:46:07.017708+08:00,XID_ERRORS,60.0,600.0,0,65.19596038033762,64.23361194242054,0.008219899252646467,220.41266451081339,74.8227415423054
g24#0,g24,0,2023-08-15T23:47:02.696282+08:00,XID_ERRORS,60.0,600.0,0,73.07485926361463,71.82312030903101,-0.004512001448560466,313.50817594947625,67.56160268367334
g24#0,g24,0,2023-08-15T23:47:02.696282+08:00,XID_ERRORS,300.0,600.0,0,66.8349802219098,69.3758476140772,0.010079970034230851,239.4928495053072,60.26941270488555
g24#0,g24,0,2023-08-15T23:47:02.696282+08:00,XID_ERRORS,600.0,600.0,0,50.135978364924355,50.86723550437183,0.014207998428900637,244.72429822889453,67.02354649721447
decoy3#0,decoy3,0,2023-08-15T23:51:04.917295+08:00,XID_ERRORS,600.0,600.0,0,43.94294450415303,40.37726647936615,0.003081821779926003,193.48177538493152,76.97085514781513
decoy10#0,decoy10,0,2023-08-15T23:58:12.204217+08:00,XID_ERRORS,300.0,600.0,0,67.50030201781577,65.30304355641906,-0.005517314171911221,265.7086877093466,66.90378388064381
g22#0,g22,0,2023-08-15T23:58:32.924144+08:00,XID_ERRORS,600.0,600.0,1,77.32775970761129,75.08536301784096,0.005484868325965845,277.53017462383684,73.52565395810849
g22#0,g22,0,2023-08-16T00:03:32.924144+08:00,XID_ERRORS,300.0,600.0,1,74.21720951449308,74.17082221035851,-0.0011575904402998717,258.844009538308,67.85596731508787
g22#0,g22,0,2023-08-16T00:07:32.924144+08:00,XID_ERRORS,60.0,600.0,1,70.58658938371084,68.03168056785707,-0.001684098727535861,211.02220389607663,80.12434474076929
decoy9#0,decoy9,0,2023-08-16T00:21:47.336854+08:00,XID_ERRORS,600.0,600.0,0,57.290711529771706,58.17769628569479,-0.0027455518629976305,273.1058442546112,65.62826546109184
decoy9#0,decoy9,0,2023-08-16T00:27:47.336854+08:00,XID_ERRORS,60.0,600.0,0,59.917589410651786,61.01366990543399,0.0032420681313086435,230.7397792300616,60.17683047900376
g23#0,g23,0,2023-08-16T00:30:46.241189+08:00,XID_ERRORS,600.0,600.0,1,67.47244697465122,68.64277224348595,0.007543857213684552,238.12408643476002,73.74519127591611
decoy9#0,decoy9,0,2023-08-16T00:32:06.957022+08:00,XID_ERRORS,60.0,600.0,0,76.17968156827186,77.10087148086389,-0.018421091473039355,243.43379509111233,66.70090347672333
decoy9#0,decoy9,0,2023-08-16T00:34:02.957022+08:00,XID_ERRORS,600.0,600.0,0,67.09659924138036,65.58397613853266,0.016801429555298987,282.85909675015876,46.697278772060386
g23#0,g23,0,2023-08-16T00:35:46.241189+08:00,XID_ERRORS,300.0,600.0,1,61.2722609089409,61.124602365853114,-0.011860696539864875,218.22817901619567,56.2407145547344
g24#0,g24,0,2023-08-16T00:37:02.696282+08:00,XID_ERRORS,600.0,600.0,1,77.8262476724078,75.98197354184701,-0.010430737022813366,324.173070364977,60.32298760499479
g23#0,g23,0,2023-08-16T00:39:46.241189+08:00,XID_ERRORS,60.0,600.0,1,61.301184598758454,59.02650917833078,0.018507027799514818,221.19546642128105,69.18695096325715
g24#0,g24,0,2023-08-16T00:42:02.696282+08:00,XID_ERRORS,300.0,600.0,1,73.07089062086814,72.36681055685733,-0.007556709132364813,265.93817201591287,75.90727682986184
g24#0,g24,0,2023-08-16T00:46:02.696282+08:00,XID_ERRORS,60.0,600.0,1,77.58452793868405,73.00913959483287,0.0020497859792723127,274.64436748210653,64.09268814985633
decoy0#0,decoy0,0,2023-08-16T00:47:52.017708+08:00,XID_ERRORS,600.0,600.0,0,71.18728916047203,70.14911666084389,0.0045870733073154766,221.81853546463617,74.09818522758972
decoy4#0,decoy4,0,2023-08-16T00:54:59.667007+08:00,XID_ERRORS,600.0,600.0,0,67.34964656553504,66.85695447725213,-0.008134123396910092,314.83238789853874,61.96695159351493
decoy2#0,decoy2,0,2023-08-16T00:55:22.328741+08:00,XID_ERRORS,300.0,600.0,0,54.02758443563896,52.78390458262322,0.000521507916822453,254.9098048701912,82.72346386804159
g25#0,g25,0,2023-08-16T00:58:24.888889+08:00,XID_ERRORS,60.0,600.0,0,72.16364708537326,72.74628592834742,0.0023922797173839116,273.64621723747257,61.34598440395108
g25#0,g25,0,2023-08-16T00:58:24.888889+08:00,XID_ERRORS,300.0,600.0,0,69.04903271315638,68.09316559707933,0.004126273552049944,241.23151262140385,64.92002093928781
g25#0,g25,0,2023-08-16T00:58:24.888889+08:00,XID_ERRORS,600.0,600.0,0,65.26466164264741,61.694425309895074,-0.006323390096507158,265.6178925460331,66.73012159576751
decoy2#0,decoy2,0,2023-08-16T01:00:44.922072+08:00,XID_ERRORS,600.0,600.0,0,57.138400324889204,58.53885818496525,-0.01680333677376483,246.33639639735074,57.40212861282831
decoy8#0,decoy8,0,2023-08-16T01:01:18.853967+08:00,XID_ERRORS,300.0,600.0,0,68.36043517079996,70.30025760783919,-0.0075172565666796224,239.03061663998412,59.23754408050364
decoy2#0,decoy2,0,2023-08-16T01:04:49.328741+08:00,XID_ERRORS,60.0,600.0,0,68.72829347526141,67.32958022989969,0.002051801474470013,277.9236398740665,60.77564169079502
decoy4#0,decoy4,0,2023-08-16T01:06:50.667007+08:00,XID_ERRORS,300.0,600.0,0,63.77389470249266,59.14852569774441,-0.008674214463025014,232.96460558391942,90.79729192213603
decoy10#0,decoy10,0,2023-08-16T01:08:24.204217+08:00,XID_ERRORS,60.0,600.0,0,59.29278664135593,60.108690236577424,-0.0028879028375880466,225.45775124375334,59.99520016617126
decoy3#0,decoy3,0,2023-08-16T01:11:12.917295+08:00,XID_ERRORS,60.0,600.0,0,73.96136286761262,73.73069818974099,0.0024400126107973663,221.57907044174024,82.39847652481158
g26#0,g26,0,2023-08-16T01:15:42.754304+08:00,XID_ERRORS,60.0,600.0,0,53.87123538540994,53.6115081992111,-0.008925658002780713,234.04174404125496,64.4591224225134
g26#0,g26,0,2023-08-16T01:15:42.754304+08:00,XID_ERRORS,300.0,600.0,0,71.00492396424721,71.35833731323059,8.88625001921776e-06,247.77787332472354,73.7468370737901
g26#0,g26,0,2023-08-16T01:15:42.754304+08:00,XID_ERRORS,600.0,600.0,0,68.12563398531263,67.28046238674241,0.00039858417614664746,223.2642889872912,76.43006063953351
g27#0,g27,0,2023-08-16T01:16:03.345857+08:00,XID_ERRORS,60.0,600.0,0,63.009377548608626,61.41824660484818,0.0036533742761293555,257.9377529007542,75.26604942816304
g27#0,g27,0,2023-08-16T01:16:03.345857+08:00,XID_ERRORS,300.0,600.0,0,49.5509390369367,49.27706727365825,0.0008992843298078625,255.2493127961107,70.73774228629388
g27#0,g27,0,2023-08-16T01:16:03.345857+08:00,XID_ERRORS,600.0,600.0,0,61.14956677613922,60.48796598688143,-0.01572650561542995,236.16877769072133,66.60095982963227
decoy2#0,decoy2,0,2023-08-16T01:16:17.328741+08:00,XID_ERRORS,600.0,600.0,0,70.01055008912613,68.43387853351587,0.02366562402340485,207.93440045503232,65.631943053346
decoy7#0,decoy7,0,2023-08-16T01:28:47.541954+08:00,XID_ERRORS,600.0,600.0,0,57.79486900323504,54.29474437749951,-0.0008879493790855505,272.1915080008289,65.30695637786685
decoy7#0,decoy7,0,2023-08-16T01:43:21.541954+08:00,XID_ERRORS,60.0,600.0,0,62.137676874625406,63.092250046481205,0.0020629249006022805,196.20483756323645,61.87754604811078
g25#0,g25,0,2023-08-16T01:48:24.888889+08:00,XID_ERRORS,600.0,600.0,1,72.27461491914575,71.28210911456064,-0.007058554945166199,262.79786365330494,75.97275884781175
decoy11#0,decoy11,0,2023-08-16T01:51:22.805644+08:00,XID_ERRORS,600.0,600.0,0,73.58129296653189,71.58669646658166,0.01622259287090356,297.6550980391843,72.52286950444106
g25#0,g25,0,2023-08-16T01:53:24.888889+08:00,XID_ERRORS,300.0,600.0,1,68.97946726386243,69.53656350732862,-0.012910285430172369,253.05588606370006,64.110941029359
decoy7#0,decoy7,0,2023-08-16T01:54:24.541954+08:00,XID_ERRORS,300.0,600.0,0,63.83547964899741,63.380618722317045,-0.0010591112305144376,332.25682037461604,78.28150392606547
g25#0,g25,0,2023-08-16T01:57:24.888889+08:00,XID_ERRORS,60.0,600.0,1,72.50273823093337,72.39765909280783,-0.0069026341332707065,230.76353518583684,75.66364418773938
decoy8#0,decoy8,0,2023-08-16T01:57:35.853967+08:00,XID_ERRORS,60.0,600.0,0,57.84890600506819,58.02088317831541,0.008978342991592052,215.13792910916183,58.64598398601803
decoy8#0,decoy8,0,2023-08-16T02:00:21.853967+08:00,XID_ERRORS,600.0,600.0,0,69.3269834274796,67.88830382829651,-0.009457114683003488,265.8845669810527,82.15422752808533
g26#0,g26,0,2023-08-16T02:05:42.754304+08:00,XID_ERRORS,600.0,600.0,1,72.48913132180988,71.51262852720238,-0.009910957822281317,250.65111517178923,62.62492408560713
g27#0,g27,0,2023-08-16T02:06:03.345857+08:00,XID_ERRORS,600.0,600.0,1,82.46232098143027,79.99824629225445,-0.0004926790495129596,235.9135863174344,67.23192894893995
decoy2#0,decoy2,0,2023-08-16T02:08:50.922072+08:00,XID_ERRORS,300.0,600.0,0,59.55347415705027,61.58169158393106,-0.009094275615969975,261.076879942173,73.35403867368744
g26#0,g26,0,2023-08-16T02:10:42.754304+08:00,XID_ERRORS,300.0,600.0,1,72.03567252570166,71.06154324129342,-0.0004098486469656254,233.3342837946452,71.49940142310935
g27#0,g27,0,2023-08-16T02:11:03.345857+08:00,XID_ERRORS,300.0,600.0,1,70.56850895728603,69.5071105349138,0.005353096473418112,302.4356170011547,63.26114664814071
g26#0,g26,0,2023-08-16T02:14:42.754304+08:00,XID_ERRORS,60.0,600.0,1,74.87703602940208,75.1219600387752,0.011151233773647667,255.28062717271771,79.53795599658534
g27#0,g27,0,2023-08-16T02:15:03.345857+08:00,XID_ERRORS,60.0,600.0,1,78.5385112714574,76.24622537788268,0.022273860809131754,248.42441853120778,79.62722268646246
decoy11#0,decoy11,0,2023-08-16T02:15:40.805644+08:00,XID_ERRORS,300.0,600.0,0,62.995363799471534,63.63902964609816,0.0008712970192339369,253.57150966700888,77.36405206490454
decoy4#0,decoy4,0,2023-08-16T02:19:29.667007+08:00,XID_ERRORS,60.0,600.0,0,73.9806788561583,72.22205978393839,0.0033950947157970145,211.43855820542046,88.95331082392158
decoy2#0,decoy2,0,2023-08-16T02:22:18.922072+08:00,XID_ERRORS,60.0,600.0,0,74.83265106004181,71.22320011188398,0.0006523588767656609,287.49175822194877,76.00507176571244
decoy11#0,decoy11,0,2023-08-16T03:12:59.805644+08:00,XID_ERRORS,60.0,600.0,0,67.71472688719223,66.25166610556006,1.826355891416653e-05,244.8427718500068,79.863556801678
g28#0,g28,0,2023-08-16T04:16:39.823000+08:00,XID_ERRORS,60.0,600.0,0,68.33551003734432,67.68848230746067,0.002164547268456756,270.0800709506832,73.37575595822445
g28#0,g28,0,2023-08-16T04:16:39.823000+08:00,XID_ERRORS,300.0,600.0,0,62.79352650400792,63.62072056999172,-0.009615559741469127,193.512758896644,64.56054894714471
g28#0,g28,0,2023-08-16T04:16:39.823000+08:00,XID_ERRORS,600.0,600.0,0,74.70623612102327,72.83292734816355,-0.017518005652801108,281.2420659456007,61.401668038213984
g29#0,g29,0,2023-08-16T04:22:14.620614+08:00,XID_ERRORS,60.0,600.0,0,51.38499511610419,51.09364635075487,0.002820737332213647,232.75003956204873,68.26978795055089
g29#0,g29,0,2023-08-16T04:22:14.620614+08:00,XID_ERRORS,300.0,600.0,0,54.2784611261697,54.9735449011728,0.002869555371009184,249.15658882019312,70.0434544684674
g29#0,g29,0,2023-08-16T04:22:14.620614+08:00,XID_ERRORS,600.0,600.0,0,52.932876389436025,50.92897548988536,0.02486882851272909,263.7646974727221,61.656774888035955
decoy2#0,decoy2,0,2023-08-16T04:37:23.478901+08:00,XID_ERRORS,600.0,600.0,0,71.561545652608,71.671375860032,0.007135642142391335,270.5156245595035,76.09212591408142
decoy2#0,decoy2,0,2023-08-16T04:40:13.478901+08:00,XID_ERRORS,300.0,600.0,0,69.36973067689613,67.88414795680016,-0.017429223285514203,268.00977058325583,69.88508992993131
decoy1#0,decoy1,0,2023-08-16T04:40:27.458459+08:00,XID_ERRORS,300.0,600.0,0,63.86253943631727,65.9417136673412,0.010444053593549885,301.9342738591438,81.71276158953567
decoy7#0,decoy7,0,2023-08-16T04:54:20.718266+08:00,XID_ERRORS,60.0,600.0,0,71.83668103038474,74.44129607551659,0.009034403330296308,218.57656670258427,78.91254859805578
g28#0,g28,0,2023-08-16T05:06:39.823000+08:00,XID_ERRORS,600.0,600.0,1,83.68436337304706,83.51909663303694,0.007875408171027012,249.89650437331596,64.39560941526773
decoy1#0,decoy1,0,2023-08-16T05:06:47.458459+08:00,XID_ERRORS,600.0,600.0,0,55.85712298818498,54.203172818577166,-0.02126498084584922,300.70054425949127,54.48098472176951
decoy7#0,decoy7,0,2023-08-16T05:10:01.718266+08:00,XID_ERRORS,600.0,600.0,0,61.353290090873465,64.2369105331189,0.010614835536592246,300.3032117995716,62.99096386876792
g28#0,g28,0,2023-08-16T05:11:39.823000+08:00,XID_ERRORS,300.0,600.0,1,75.00129958387453,74.29596192038825,0.006818941030932071,255.26649823795,65.96117799150602
g29#0,g29,0,2023-08-16T05:12:14.620614+08:00,XID_ERRORS,600.0,600.0,1,63.83032761702067,63.10622194200204,-0.010371676077490913,222.20818499300114,68.6789859456765
decoy1#0,decoy1,0,2023-08-16T05:13:38.458459+08:00,XID_ERRORS,60.0,600.0,0,74.60313356519849,72.03416195440177,0.0037639592879811497,211.70847560130733,66.21728071969065
g28#0,g28,0,2023-08-16T05:15:39.823000+08:00,XID_ERRORS,60.0,600.0,1,71.48895691441632,70.87040693304651,0.0067200714162753685,234.04169932111023,66.49137838855295
g29#0,g29,0,2023-08-16T05:17:14.620614+08:00,XID_ERRORS,300.0,600.0,1,79.39827929111162,77.92310733108644,-0.009206190351548597,255.2381910806091,65.10184291912103
decoy2#0,decoy2,0,2023-08-16T05:20:49.478901+08:00,XID_ERRORS,60.0,600.0,0,59.09890935127207,57.386998481246835,-0.0009591332970445857,232.3232290253439,49.902978155908784
g29#0,g29,0,2023-08-16T05:21:14.620614+08:00,XID_ERRORS,60.0,600.0,1,71.57668842733895,69.5745182948131,-0.0029985316059917976,283.5683216685162,76.0901100841053
g30#0,g30,0,2023-08-16T05:51:59.594246+08:00,XID_ERRORS,60.0,600.0,0,55.746057969132536,54.2973394889026,0.01156408025005446,302.6527475529729,64.39364093841031
g30#0,g30,0,2023-08-16T05:51:59.594246+08:00,XID_ERRORS,300.0,600.0,0,60.3252640996969,61.701073941940685,-0.002455511077296525,226.70174139832955,76.05986446766498
g30#0,g30,0,2023-08-16T05:51:59.594246+08:00,XID_ERRORS,600.0,600.0,0,61.275000513631994,59.13557778972148,-0.0036168823722656763,204.19189100836175,72.61278538067165
decoy7#0,decoy7,0,2023-08-16T05:57:14.718266+08:00,XID_ERRORS,300.0,600.0,0,69.04447854229628,68.85586716460239,0.002826513213660383,193.98362261829107,78.7619729336366
decoy1#0,decoy1,0,2023-08-16T05:59:57.507634+08:00,XID_ERRORS,60.0,600.0,0,54.575315282307855,49.53617905771067,-0.004369289601957309,274.8222361882596,63.391113745425024
g31#0,g31,0,2023-08-16T06:04:27.988337+08:00,XID_ERRORS,60.0,600.0,0,56.99573715393371,58.87600467646313,-0.007692867989311632,248.14768196584674,65.94351946166756
g31#0,g31,0,2023-08-16T06:04:27.988337+08:00,XID_ERRORS,300.0,600.0,0,52.76537162760937,55.75078904856282,-0.0009446216866931325,252.1416530577389,60.70501355332339
g31#0,g31,0,2023-08-16T06:04:27.988337+08:00,XID_ERRORS,600.0,600.0,0,50.05443844715654,49.71213875980549,-0.0014859600647254558,207.25375824700205,85.05870606581385
decoy5#0,decoy5,0,2023-08-16T06:10:43.803125+08:00,XID_ERRORS,600.0,600.0,0,71.13861370462217,70.90869995329193,0.019781649235905387,242.95260454159288,64.92911841764327
decoy5#0,decoy5,0,2023-08-16T06:15:07.803125+08:00,XID_ERRORS,60.0,600.0,0,63.2654679880479,60.67263656078587,0.020582140138989586,217.44420511322417,71.38664333086786
decoy9#0,decoy9,0,2023-08-16T06:18:23.185456+08:00,XID_ERRORS,600.0,600.0,0,65.24724983295205,65.28481897979768,-0.0013185426838104948,270.1292615276025,76.56002164562886
decoy1#0,decoy1,0,2023-08-16T06:24:25.507634+08:00,XID_ERRORS,600.0,600.0,0,71.80762290996621,72.72325074086623,-0.011957531734875813,251.41177764706075,65.4864826306225
decoy6#0,decoy6,0,2023-08-16T06:32:24.421083+08:00,XID_ERRORS,300.0,600.0,0,55.65126506335996,55.95720457058714,0.0065627059242357915,255.3962439952569,63.63170366444713
decoy1#0,decoy1,0,2023-08-16T06:38:37.507634+08:00,XID_ERRORS,300.0,600.0,0,53.80848488807938,53.79697590847824,-0.002285772799713037,230.32535168760646,68.06856026405829
g30#0,g30,0,2023-08-16T06:41:59.594246+08:00,XID_ERRORS,600.0,600.0,1,65.6522014606179,65.07571915525976,-0.0023294792511840304,267.0271426397356,49.63276319707137
decoy6#0,decoy6,0,2023-08-16T06:45:29.421083+08:00,XID_ERRORS,600.0,600.0,0,62.73042007330338,62.38454334325686,0.006465263240499457,215.0734264522995,72.90656543320338
g30#0,g30,0,2023-08-16T06:46:59.594246+08:00,XID_ERRORS,300.0,600.0,1,66.08639990336573,65.00477609968513,-0.029280901725683817,234.06897996547343,67.83220024550305
g30#0,g30,0,2023-08-16T06:50:59.594246+08:00,XID_ERRORS,60.0,600.0,1,70.83051588678812,72.16367280216147,-0.003776163812922214,265.2194180670815,74.71507812948619
g31#0,g31,0,2023-08-16T06:54:27.988337+08:00,XID_ERRORS,600.0,600.0,1,75.1762570976166,75.3266664794198,0.0040266973278163705,240.23445481084514,73.1797007257971
g31#0,g31,0,2023-08-16T06:59:27.988337+08:00,XID_ERRORS,300.0,600.0,1,72.39541728689278,71.26993031844839,0.008965755003643204,316.1147237035467,75.85423072101125
g31#0,g31,0,2023-08-16T07:03:27.988337+08:00,XID_ERRORS,60.0,600.0,1,75.69349524994807,75.09922933788407,-0.011597957072917301,227.77974563418752,67.48994792850858
decoy6#0,decoy6,0,2023-08-16T07:13:02.421083+08:00,XID_ERRORS,60.0,600.0,0,65.25275343323136,63.83143394381436,-0.0010410746556216266,212.41955707410017,81.27619006042258
decoy5#0,decoy5,0,2023-08-16T07:16:17.803125+08:00,XID_ERRORS,300.0,600.0,0,68.21788497938314,66.34427015591969,0.003624211642959292,220.98470372657567,73.15740338362262
decoy4#0,decoy4,0,2023-08-16T07:22:13.972606+08:00,XID_ERRORS,600.0,600.0,0,54.61338418634023,55.60363193572963,0.0030389000748699876,290.4342093191799,67.08692191708222
decoy9#0,decoy9,0,2023-08-16T07:42:20.185456+08:00,XID_ERRORS,300.0,600.0,0,73.14697355901889,71.16638614277583,-0.0005152318523520337,236.03992825530008,56.01819817264709
decoy9#0,decoy9,0,2023-08-16T07:47:43.185456+08:00,XID_ERRORS,60.0,600.0,0,64.49004635873655,60.52506933743746,0.00611159889048419,274.4015537230207,68.39877863599877
decoy4#0,decoy4,0,2023-08-16T07:51:04.972606+08:00,XID_ERRORS,60.0,600.0,0,76.09374707120537,75.80674809229136,0.01661728596147394,207.7164202187899,63.40189044850798
decoy4#0,decoy4,0,2023-08-16T07:51:31.972606+08:00,XID_ERRORS,300.0,600.0,0,51.3728687751869,51.49304160126173,0.005828820972117233,272.13187194890895,72.45420242779193
g32#0,g32,0,2023-08-16T07:51:33.122815+08:00,XID_ERRORS,60.0,600.0,0,66.43061476022234,65.14253323478755,0.002659434481762174,209.015263712774,66.88357221089495
g32#0,g32,0,2023-08-16T07:51:33.122815+08:00,XID_ERRORS,300.0,600.0,0,63.70903692075989,62.76115760362719,-0.006523781063835983,218.37991613330396,64.685149525171
g32#0,g32,0,2023-08-16T07:51:33.122815+08:00,XID_ERRORS,600.0,600.0,0,68.07961937185458,68.6922305296587,-0.003343325988668879,264.5271952831197,82.91476213709139
decoy11#0,decoy11,0,2023-08-16T07:58:37.121518+08:00,XID_ERRORS,60.0,600.0,0,53.74517416147513,55.23907850226978,-0.009426428635455375,259.7824114236828,61.09305878070333
decoy11#0,decoy11,0,2023-08-16T08:16:18.121518+08:00,XID_ERRORS,300.0,600.0,0,60.96190774271058,59.354991770308345,-0.006963782840445554,210.8069084411325,52.61845908790245
g33#0,g33,0,2023-08-16T08:39:45.386123+08:00,XID_ERRORS,60.0,600.0,0,61.53377479681693,61.85631725402201,0.0014663082307360866,267.84777585540473,62.70320190139032
g33#0,g33,0,2023-08-16T08:39:45.386123+08:00,XID_ERRORS,300.0,600.0,0,57.12058601688706,57.00053234098333,0.007707802337475681,235.13652857851383,55.282251158219054
g33#0,g33,0,2023-08-16T08:39:45.386123+08:00,XID_ERRORS,600.0,600.0,0,86.99600385115305,86.2538048700802,-0.009518157648768793,256.87593938707744,79.08603922416853
g32#0,g32,0,2023-08-16T08:41:33.122815+08:00,XID_ERRORS,600.0,600.0,1,81.57230672514919,80.01106401545191,0.005869553605920156,291.3990374891304,60.56455253461469
g32#0,g32,0,2023-08-16T08:46:33.122815+08:00,XID_ERRORS,300.0,600.0,1,65.34843476894642,64.05231429047494,-0.005439981304035021,248.67822635500755,69.38165949391247
g32#0,g32,0,2023-08-16T08:50:33.122815+08:00,XID_ERRORS,60.0,600.0,1,68.67381270323581,65.58885510972324,-0.006643420911200446,243.1008653355699,79.47121529368016
decoy11#0,decoy11,0,2023-08-16T09:00:47.121518+08:00,XID_ERRORS,600.0,600.0,0,57.79038009662661,55.52391743414295,0.010020902211528702,273.6943435461655,68.59767006229228
g33#0,g33,0,2023-08-16T09:29:45.386123+08:00,XID_ERRORS,600.0,600.0,1,81.39105689920582,80.37788476475716,0.019070261909649174,260.7240136950696,71.52793991506411
decoy11#0,decoy11,0,2023-08-16T09:31:36.305456+08:00,XID_ERRORS,600.0,600.0,0,67.28914570088924,65.84841128612852,-0.004763953518219789,220.17279850647762,83.9904723597706
g33#0,g33,0,2023-08-16T09:34:45.386123+08:00,XID_ERRORS,300.0,600.0,1,76.03991825477394,74.7798632703438,-0.012418133060027144,296.60238600820367,78.71922135856116
decoy11#0,decoy11,0,2023-08-16T09:37:43.305456+08:00,XID_ERRORS,300.0,600.0,0,62.101762546594365,59.717037615817475,-0.007484719817015946,249.9588640746797,84.3377103788163
g33#0,g33,0,2023-08-16T09:38:45.386123+08:00,XID_ERRORS,60.0,600.0,1,66.7426804601985,65.88487484058926,0.011562368039549173,205.30575641903883,72.89690331765249
decoy0#0,decoy0,0,2023-08-16T09:47:32.108793+08:00,XID_ERRORS,300.0,600.0,0,73.50182661626894,71.49166588099621,0.0016524903859866213,235.64417766667836,70.2520606211909
decoy7#0,decoy7,0,2023-08-16T10:06:48.719242+08:00,XID_ERRORS,600.0,600.0,0,72.02958381653008,73.34259860329936,4.7324644067568534e-05,204.62491306389393,82.61801730012198
decoy7#0,decoy7,0,2023-08-16T10:12:21.719242+08:00,XID_ERRORS,60.0,600.0,0,66.54573294665414,65.41937189171594,-0.004918737495436677,241.4677251809421,64.60676207856764
g34#0,g34,0,2023-08-16T10:18:36.259905+08:00,XID_ERRORS,60.0,600.0,0,70.36387265953655,70.2439825337662,-0.016264831326910548,307.7669997528792,58.71571874181385
g34#0,g34,0,2023-08-16T10:18:36.259905+08:00,XID_ERRORS,300.0,600.0,0,64.45995663260727,63.58997127575691,0.0009327384069324166,178.6322293655092,73.52851758214051
g34#0,g34,0,2023-08-16T10:18:36.259905+08:00,XID_ERRORS,600.0,600.0,0,57.81950810348097,57.83720742728664,0.004836547685821585,218.55325122425475,72.98139420331985
decoy8#0,decoy8,0,2023-08-16T10:20:16.725625+08:00,XID_ERRORS,60.0,600.0,0,45.867834960538325,45.40467367195732,0.0032613645199293475,254.00653388133406,70.82878359595713
decoy7#0,decoy7,0,2023-08-16T10:23:22.719242+08:00,XID_ERRORS,300.0,600.0,0,69.5375550039562,67.1686123686707,0.020488950341419773,271.2150589730696,75.07622735062223
decoy11#0,decoy11,0,2023-08-16T10:24:49.305456+08:00,XID_ERRORS,60.0,600.0,0,60.29637399888473,60.25394467634632,0.0017826725762039642,219.23879147351371,80.25571450225249
decoy1#0,decoy1,0,2023-08-16T10:28:43.699992+08:00,XID_ERRORS,600.0,600.0,0,72.91919809752481,71.30523010587007,-0.002609390873799359,302.7305033990505,56.62442258784792
decoy8#0,decoy8,0,2023-08-16T10:34:39.725625+08:00,XID_ERRORS,300.0,600.0,0,66.37138286209854,65.04654936666421,-0.002160383034578616,231.95855880540083,67.87359321962624
decoy0#0,decoy0,0,2023-08-16T10:39:50.108793+08:00,XID_ERRORS,60.0,600.0,0,63.19538253139396,61.487068287349906,-0.006269631173779989,286.0361202242849,71.15017744044988
decoy1#0,decoy1,0,2023-08-16T10:40:08.699992+08:00,XID_ERRORS,300.0,600.0,0,62.51617360732146,59.9695833595079,-0.01738321098900974,248.8219536713978,79.71510677478952
decoy1#0,decoy1,0,2023-08-16T10:44:38.699992+08:00,XID_ERRORS,60.0,600.0,0,57.13562352746573,57.976040145681395,-0.011536814606847743,305.76022387408574,61.564539414016465
decoy6#0,decoy6,0,2023-08-16T10:52:32.158466+08:00,XID_ERRORS,60.0,600.0,0,78.76305570066685,78.55764579931257,-0.020780681543322053,267.62391150980085,62.773897390371715
g35#0,g35,0,2023-08-16T10:53:58.407678+08:00,XID_ERRORS,60.0,600.0,0,76.69345823536372,74.81434280017663,0.004491660719290041,335.4836488217782,87.85740767038045
g35#0,g35,0,2023-08-16T10:53:58.407678+08:00,XID_ERRORS,300.0,600.0,0,67.90228089969851,65.49624318370411,0.002187698616516345,260.193811436793,81.13712251314112
g35#0,g35,0,2023-08-16T10:53:58.407678+08:00,XID_ERRORS,600.0,600.0,0,67.01771962261515,65.70599644165105,-0.012236035778514136,258.76187632310655,61.70264192043342
decoy6#0,decoy6,0,2023-08-16T11:00:21.158466+08:00,XID_ERRORS,600.0,600.0,0,41.44566849255383,40.24267181495021,0.0026196309010184794,271.60898906826685,65.56950837076096
decoy6#0,decoy6,0,2023-08-16T11:04:47.158466+08:00,XID_ERRORS,300.0,600.0,0,69.8599852866094,69.42392120316187,0.022295984798227364,253.36733516022392,77.22280560890874
g34#0,g34,0,2023-08-16T11:08:36.259905+08:00,XID_ERRORS,600.0,600.0,1,61.76434641615171,64.0143146829953,0.013813479064912069,211.43454162402682,71.43895284763367
g34#0,g34,0,2023-08-16T11:13:36.259905+08:00,XID_ERRORS,300.0,600.0,1,68.81307562432075,68.37217287325679,0.0008314439397770138,238.91484394288156,69.35227937146313
decoy0#0,decoy0,0,2023-08-16T11:17:14.108793+08:00,XID_ERRORS,600.0,600.0,0,69.58126187323168,70.3746388519873,0.010256820527459456,243.58276175574676,76.52210976803102
g34#0,g34,0,2023-08-16T11:17:36.259905+08:00,XID_ERRORS,60.0,600.0,1,63.67903884650857,64.04143651046675,0.004497770983764295,154.07963824949115,61.25857073614155
decoy8#0,decoy8,0,2023-08-16T11:41:38.725625+08:00,XID_ERRORS,600.0,600.0,0,61.57661901252077,62.23104915944896,-0.005425943845171727,252.46678566355345,72.47535128349114
g35#0,g35,0,2023-08-16T11:43:58.407678+08:00,XID_ERRORS,600.0,600.0,1,75.54176194741895,73.72422822484933,0.009902300965794345,298.99787248175267,79.81632743360318
g35#0,g35,0,2023-08-16T11:48:58.407678+08:00,XID_ERRORS,300.0,600.0,1,66.86706172712981,64.48164817271237,0.006019592320635681,252.16802384494963,71.2264983849772
g35#0,g35,0,2023-08-16T11:52:58.407678+08:00,XID_ERRORS,60.0,600.0,1,76.04553980994407,73.29886793903985,-0.0033621322049705096,281.3974676009263,83.76555765393653
decoy4#0,decoy4,0,2023-08-16T11:55:22.728355+08:00,XID_ERRORS,600.0,600.0,0,68.67650205468911,66.55259123608911,-0.010645718442053753,248.96604596152923,60.34990756283
decoy4#0,decoy4,0,2023-08-16T12:09:26.728355+08:00,XID_ERRORS,60.0,600.0,0,75.66434934115486,76.32170233293255,0.007452334972051312,225.97700353421806,63.790477549083136
decoy4#0,decoy4,0,2023-08-16T12:13:58.728355+08:00,XID_ERRORS,300.0,600.0,0,51.12549264451165,48.72613480326268,0.0027112842609930982,264.8349919212497,81.61979949381406
